{
    "loss": 0.389904260635376,
    "accuracy": 0.9051724076271057
}